<?xml version="1.0" encoding="utf-8"?>
<data>
	<region>
		<city>Bangalore</city>
		<state>Karnataka</state>
		<total>1002</total>
		<range>
			<range1>70</range1>
			<range2>20</range2>
			<range3>10</range3>
		</range>
	</region>
	<region>
		<city>Mumbai</city>
		<state>Maharastra</state>
		<total>2705</total>
		<range>
			<range1>30</range1>
			<range2>60</range2>
			<range3>10</range3>
		</range>
	</region>
	<region>
		<city>Chennai</city>
		<state>Tamil Nadu</state>
		<total>1450</total>
		<range>
			<range1>45</range1>
			<range2>30</range2>
			<range3>25</range3>
		</range>
	</region>
	<region>
		<city>Trivandrum</city>
		<state>Kerala</state>
		<total>3500</total>
		<range>
			<range1>75</range1>
			<range2>15</range2>
			<range3>10</range3>
		</range>
	</region>
	<region>
		<city>New Delhi</city>
		<state>Delhi</state>
		<total>3200</total>
		<range>
			<range1>55</range1>
			<range2>30</range2>
			<range3>15</range3>
		</range>
	</region>	
	<region>
		<city>Chandigarh</city>
		<state>Punjab</state>
		<total>2646</total>
		<range>
			<range1>70</range1>
			<range2>20</range2>
			<range3>10</range3>
		</range>
	</region>
	<region>
		<city>Hyderabad</city>
		<state>Andhra Pradesh</state>
		<total>7280</total>
		<range>
			<range1>10</range1>
			<range2>30</range2>
			<range3>60</range3>
		</range>
	</region>
	<region>
		<city>Ahamedabad</city>
		<state>Gujrat</state>
		<total>12450</total>
		<range>
			<range1>80</range1>
			<range2>10</range2>
			<range3>10</range3>
		</range>
	</region>
	<region>
		<city>Mysore</city>
		<state>Karnataka</state>
		<total>7500</total>
		<range>
			<range1>75</range1>
			<range2>10</range2>
			<range3>15</range3>
		</range>
	</region>
	<region>
		<city>Pune</city>
		<state>Maharastra</state>
		<total>17942</total>
		<range>
			<range1>20</range1>
			<range2>60</range2>
			<range3>20</range3>
		</range>
	</region>
</data>